{
  "class": "Section",
  "title": "Design Patterns Book",
  "children": [
    {
      "class": "Section",
      "title": "Chapter 1: Introduction to Design Patterns",
      "children": [
        {
          "class": "Paragraph",
          "text": "This is the introductory\nparagraph. The white\nfox jump over the green fence."
        },
        {
          "class": "ImageProxy",
          "url": "figure1.png"
        },
        {
          "class": "Paragraph",
          "text": "This is the 2nd paragraph of Chapter 1."
        }
      ]
    },
    {
      "class": "Section",
      "title": "Chapter 2: Creational Patterns",
      "children": [
        {
          "class": "Paragraph",
          "text": "Para 2.1."
        },
        {
          "class": "Image",
          "url": "figure2.png"
        },
        {
          "class": "Paragraph",
          "text": "Para 2.2."
        }
      ]
    },
    {
      "class": "Section",
      "title": "Chapter 3: Structural Patterns",
      "children": [

      ]
    },
    {
      "class": "Section",
      "title": "Chapter 4: Behavioural Patterns",
      "children": [

      ]
    }
  ]
}
